SubjectID,ProblemID,StartOrder,FirstCorrect,EverCorrect,UsedHint,Attempts,pCorrectProblem,prediction,fold
S378,helloWorld,77,True,True,False,1,0.5375046133995056,1,0
S378,doubleX,78,True,True,False,1,0.8275875449180603,1,0
S194,helloWorld,2406,True,True,False,1,0.5375046133995056,1,0
S194,doubleX,2407,True,True,False,1,0.8275875449180603,1,0
S194,raiseToPower,2408,True,True,False,1,0.8049113154411316,1,0
S194,convertToDegrees,2410,False,False,True,2,0.4347338378429413,0,0
S194,isPunctuation,2423,False,False,True,0,0.19295376539230347,0,0
S537,helloWorld,861,False,True,True,6,0.5375046133995056,1,0
S537,doubleX,871,False,True,True,3,0.8512200117111206,1,0
S537,raiseToPower,875,False,True,False,2,0.8546386361122131,1,0
S537,convertToDegrees,877,False,True,False,3,0.4154708981513977,0,0
S537,findRoot,880,False,False,False,1,0.464895635843277,0,0
S537,intToFloat,881,True,True,False,1,0.8791950941085815,1,0
S537,leftoverCandy,882,True,True,False,1,0.770713746547699,1,0
S537,howManyEggCartons,883,True,True,False,1,0.1693800389766693,0,0
S537,kthDigit,884,False,True,True,7,0.13240556418895721,0,0
S537,oneToN,896,False,True,True,11,0.1211017444729805,0,0
S537,nearestBusStop,1372,False,False,False,1,0.08387013524770737,0,0
S537,overNineThousand,1640,False,True,False,2,0.7547595500946045,1,0
S537,hasTwoDigits,1642,False,True,False,2,0.37421053647994995,0,0
S537,canDrinkAlcohol,1644,True,True,False,1,0.1539287120103836,0,0
S537,isEvenPositiveInt,1645,False,True,False,7,0.10964833199977875,0,0
S537,backwardsCombine,2150,True,True,False,1,0.729300320148468,1,0
S537,firstAndLast,2151,True,True,False,1,0.31659749150276184,0,0
S537,singlePigLatin,2234,True,True,False,1,0.2203376144170761,0,0
S537,isPunctuation,2235,False,True,False,6,0.07839172333478928,0,0
S430,helloWorld,1576,False,True,False,8,0.5375046133995056,1,0
S430,doubleX,1584,True,True,False,1,0.8316981196403503,1,0
S430,raiseToPower,1587,True,True,False,1,0.8112289905548096,1,0
S430,convertToDegrees,1588,True,True,False,1,0.4322664737701416,0,0
S430,findRoot,1589,True,True,False,1,0.5093257427215576,1,0
S430,intToFloat,1590,True,True,False,1,0.8333215713500977,1,0
S430,leftoverCandy,1591,True,True,False,1,0.7519786953926086,1,0
S430,howManyEggCartons,1592,True,True,False,1,0.329295814037323,0,0
S430,kthDigit,1593,False,True,False,2,0.2854214310646057,0,0
S430,nearestBusStop,1595,False,True,False,15,0.25653237104415894,0,0
S430,overNineThousand,1610,False,True,False,2,0.7460235357284546,1,0
S430,hasTwoDigits,1612,False,True,False,12,0.4880550801753998,0,0
S430,canDrinkAlcohol,1624,True,True,False,1,0.4342753291130066,0,0
S430,isEvenPositiveInt,1625,False,False,True,14,0.3792785406112671,0,0
S198,helloWorld,1354,False,True,False,3,0.5375046133995056,1,0
S469,helloWorld,87,False,True,False,5,0.5375046133995056,1,0
S469,doubleX,92,True,True,False,1,0.8316981196403503,1,0
S469,raiseToPower,93,True,True,False,1,0.8112289905548096,1,0
S469,convertToDegrees,94,False,False,False,2,0.4322664737701416,0,0
S469,findRoot,96,False,False,False,1,0.500849187374115,1,0
S469,intToFloat,97,True,True,False,1,0.8544170260429382,1,0
S469,leftoverCandy,100,True,True,False,1,0.763134777545929,1,0
S469,howManyEggCartons,104,False,True,False,4,0.2578448951244354,0,0
S049,helloWorld,1938,True,True,False,1,0.5375046133995056,1,0
S049,doubleX,1939,True,True,False,1,0.8275875449180603,1,0
S049,raiseToPower,1940,True,True,False,1,0.8049113154411316,1,0
S049,convertToDegrees,1941,False,True,False,4,0.4347338378429413,0,0
S049,isPunctuation,1945,False,True,False,2,0.22260065376758575,0,0
S049,findRoot,1970,True,True,False,1,0.5117025971412659,1,0
S049,intToFloat,1975,True,True,False,1,0.8366348743438721,1,0
S049,leftoverCandy,1978,False,True,False,7,0.7550129890441895,1,0
S049,howManyEggCartons,2037,False,False,False,14,0.33490413427352905,0,0
S049,backwardsCombine,2884,False,False,False,1,0.7540193200111389,1,0
S211,helloWorld,1947,True,True,False,1,0.5375263094902039,1,1
S211,doubleX,1948,True,True,False,1,0.8175181150436401,1,1
S211,raiseToPower,1949,True,True,False,1,0.7981816530227661,1,1
S211,convertToDegrees,1950,False,True,True,2,0.4222154915332794,0,1
S211,isPunctuation,1953,False,True,True,7,0.20226338505744934,0,1
S211,findRoot,1960,False,True,False,2,0.548923909664154,1,1
S211,leftoverCandy,1962,True,True,False,1,0.768374502658844,1,1
S211,intToFloat,1963,True,True,False,1,0.9091495275497437,1,1
S211,howManyEggCartons,1964,False,False,True,7,0.3214293122291565,0,1
S211,kthDigit,1974,False,False,True,4,0.22407838702201843,0,1
S211,nearestBusStop,1987,False,False,True,8,0.1828344613313675,0,1
S211,backwardsCombine,2005,False,True,True,8,0.7697133421897888,1,1
S211,firstAndLast,2014,False,True,True,3,0.47817325592041016,0,1
S211,singlePigLatin,2019,False,True,True,9,0.4082057774066925,0,1
S211,overNineThousand,2032,False,True,False,2,0.7648113369941711,1,1
S211,hasTwoDigits,2039,True,True,False,1,0.4033411741256714,0,1
S211,canDrinkAlcohol,2046,False,True,False,3,0.3733547627925873,0,1
S211,isEvenPositiveInt,2053,False,True,True,16,0.23893336951732635,0,1
S211,oneToN,2123,False,True,True,7,0.20721766352653503,0,1
S642,helloWorld,923,True,True,False,1,0.5375263094902039,1,1
S642,doubleX,925,True,True,False,1,0.8175181150436401,1,1
S642,raiseToPower,928,True,True,False,1,0.7981816530227661,1,1
S642,convertToDegrees,932,True,True,False,1,0.4222154915332794,0,1
S642,findRoot,935,False,False,False,2,0.5466855764389038,1,1
S642,intToFloat,943,False,True,False,2,0.92822265625,1,1
S642,leftoverCandy,945,False,True,False,3,0.7896571755409241,1,1
S642,howManyEggCartons,948,True,True,False,1,0.3183344900608063,0,1
S642,kthDigit,949,False,True,False,2,0.22169068455696106,0,1
S642,nearestBusStop,951,False,True,False,2,0.19188016653060913,0,1
S642,overNineThousand,953,False,True,False,3,0.7559453248977661,1,1
S642,hasTwoDigits,956,True,True,False,1,0.43444594740867615,0,1
S642,canDrinkAlcohol,957,True,True,False,1,0.3973473012447357,0,1
S642,isEvenPositiveInt,958,False,True,False,3,0.3111147880554199,0,1
S170,helloWorld,2143,False,True,False,4,0.5375263094902039,1,1
S170,doubleX,2147,True,True,False,1,0.8008449077606201,1,1
S170,raiseToPower,2148,True,True,False,1,0.781647264957428,1,1
S170,convertToDegrees,2154,False,False,False,2,0.419212281703949,0,1
S170,isPunctuation,2160,False,False,True,7,0.20323771238327026,0,1
S170,findRoot,2166,False,False,False,1,0.5464125275611877,1,1
S170,intToFloat,2169,False,True,False,2,0.9224610328674316,1,1
S170,leftoverCandy,2210,True,True,False,1,0.784887969493866,1,1
S170,howManyEggCartons,2211,False,True,False,2,0.3115484416484833,0,1
S170,kthDigit,2217,False,True,False,5,0.21269945800304413,0,1
S170,firstAndLast,2224,False,True,False,3,0.47798073291778564,0,1
S170,backwardsCombine,2227,True,True,False,1,0.7708250880241394,1,1
S170,singlePigLatin,2877,False,True,False,3,0.41951754689216614,0,1
S170,overNineThousand,2880,True,True,False,1,0.7650576233863831,1,1
S170,hasTwoDigits,2881,False,True,False,2,0.42384669184684753,0,1
S170,canDrinkAlcohol,2925,False,True,False,4,0.38663768768310547,0,1
S170,isEvenPositiveInt,2929,False,False,True,1,0.2873424291610718,0,1
S170,oneToN,2999,False,True,True,25,0.26094526052474976,0,1
S170,nearestBusStop,3081,False,True,False,4,0.22029463946819305,0,1
S082,helloWorld,1568,False,True,True,6,0.5375263094902039,1,1
S307,helloWorld,253,True,True,False,1,0.5375263094902039,1,1
S307,doubleX,259,True,True,False,1,0.8175181150436401,1,1
S307,raiseToPower,260,True,True,False,1,0.7981816530227661,1,1
S307,convertToDegrees,271,True,True,False,1,0.4222154915332794,0,1
S307,findRoot,279,False,False,False,1,0.5466855764389038,1,1
S307,intToFloat,281,True,True,False,1,0.92822265625,1,1
S307,leftoverCandy,282,True,True,False,1,0.7947055101394653,1,1
S307,howManyEggCartons,776,False,True,False,3,0.3113013207912445,0,1
S307,kthDigit,780,True,True,False,1,0.21125921607017517,0,1
S307,nearestBusStop,1067,False,False,True,0,0.17677220702171326,0,1
S412,oneToN,675,False,True,True,20,0.3838624656200409,0,1
S002,nearestBusStop,1373,True,True,False,1,0.3459744453430176,0,1
S002,backwardsCombine,1374,True,True,False,1,0.6810982823371887,1,1
S002,firstAndLast,1375,False,True,True,15,0.4925737977027893,0,1
S002,singlePigLatin,1398,False,True,True,6,0.42175379395484924,0,1
S002,hasTwoDigits,1405,False,True,False,2,0.4156510531902313,0,1
S002,isEvenPositiveInt,1407,False,True,False,4,0.2794032394886017,0,1
S045,helloWorld,2525,False,True,False,4,0.5375263094902039,1,1
S045,doubleX,2530,True,True,False,1,0.8008449077606201,1,1
S045,raiseToPower,2531,True,True,False,1,0.781647264957428,1,1
S045,convertToDegrees,2535,True,True,False,1,0.419212281703949,0,1
S045,isPunctuation,2537,False,False,False,3,0.20389774441719055,0,1
S045,intToFloat,2542,True,True,False,1,0.9198935627937317,1,1
S045,howManyEggCartons,2544,False,False,False,3,0.3132108151912689,0,1
S045,leftoverCandy,2545,True,True,False,1,0.7926121950149536,1,1
S045,kthDigit,2549,False,False,False,2,0.20658892393112183,0,1
S045,nearestBusStop,2555,False,False,False,5,0.16641521453857422,0,1
S045,backwardsCombine,2569,True,True,False,1,0.7869250178337097,1,1
S045,firstAndLast,2573,True,True,False,1,0.47756147384643555,0,1
S045,singlePigLatin,2578,True,True,False,1,0.41787078976631165,0,1
S045,overNineThousand,2580,False,True,True,2,0.783120334148407,1,1
S045,hasTwoDigits,2583,False,False,True,3,0.4239705502986908,0,1
S065,oneToN,1158,False,False,False,4,0.3838624656200409,0,1
S523,doubleX,22,True,True,False,1,0.7581783533096313,1,2
S523,leftoverCandy,2102,True,True,False,1,0.696162760257721,1,2
S444,helloWorld,965,False,True,False,2,0.5470202565193176,1,2
S444,doubleX,969,True,True,False,1,0.8395335078239441,1,2
S444,raiseToPower,970,True,True,False,1,0.7989082932472229,1,2
S444,convertToDegrees,1162,False,True,False,2,0.44208672642707825,0,2
S707,oneToN,16,True,True,False,1,0.33354443311691284,0,2
S085,helloWorld,1916,True,True,False,1,0.5470202565193176,1,2
S085,doubleX,1917,True,True,False,1,0.8409729599952698,1,2
S085,raiseToPower,1918,True,True,False,1,0.8006089329719543,1,2
S085,convertToDegrees,1919,False,False,False,1,0.44285058975219727,0,2
S085,findRoot,1920,True,True,False,1,0.4908186197280884,0,2
S085,leftoverCandy,1921,True,True,False,1,0.7753759622573853,1,2
S085,intToFloat,1922,True,True,False,1,0.8904613256454468,1,2
S085,howManyEggCartons,1924,False,False,False,2,0.3156523108482361,0,2
S085,kthDigit,1926,False,True,False,7,0.21753792464733124,0,2
S054,helloWorld,1762,False,True,False,2,0.5470202565193176,1,2
S054,doubleX,1765,True,True,False,1,0.8395335078239441,1,2
S054,raiseToPower,1766,False,True,False,2,0.7989082932472229,1,2
S054,convertToDegrees,1768,False,False,False,3,0.4416751265525818,0,2
S054,isPunctuation,1771,False,False,False,5,0.1712988018989563,0,2
S054,intToFloat,1776,True,True,False,1,0.9026825428009033,1,2
S054,howManyEggCartons,1777,False,False,False,10,0.28279268741607666,0,2
S054,leftoverCandy,1778,True,True,False,1,0.8075276613235474,1,2
S334,helloWorld,79,False,True,True,11,0.5470202565193176,1,2
S334,raiseToPower,82,True,True,False,1,0.7731817364692688,1,2
S334,doubleX,111,True,True,False,1,0.9022875428199768,1,2
S334,convertToDegrees,114,False,False,False,2,0.4401529133319855,0,2
S074,helloWorld,1650,True,True,False,1,0.5470202565193176,1,2
S074,doubleX,1651,True,True,False,1,0.8409729599952698,1,2
S074,raiseToPower,1652,True,True,False,1,0.8006089329719543,1,2
S074,convertToDegrees,1653,False,False,True,1,0.44285058975219727,0,2
S139,helloWorld,2781,True,True,False,1,0.5470202565193176,1,2
S139,doubleX,2782,True,True,False,1,0.8409729599952698,1,2
S139,raiseToPower,2783,True,True,False,1,0.8006089329719543,1,2
S062,helloWorld,2704,False,True,False,4,0.5470202565193176,1,2
S062,doubleX,2709,False,True,False,2,0.8395335078239441,1,2
S062,raiseToPower,2712,True,True,False,1,0.7980276942253113,1,2
S062,convertToDegrees,2714,False,False,False,2,0.4414723515510559,0,2
S062,isPunctuation,2716,False,False,True,0,0.1713600903749466,0,2
S062,findRoot,2719,False,False,True,7,0.4635274112224579,0,2
S062,intToFloat,2728,False,False,False,1,0.9378952383995056,1,2
S062,leftoverCandy,2729,False,True,False,3,0.8439225554466248,1,2
S062,howManyEggCartons,2731,False,False,False,6,0.1997414380311966,0,2
S062,kthDigit,2738,False,False,True,14,0.10457278788089752,0,2
S399,helloWorld,491,True,True,False,1,0.4801195561885834,0,3
S399,raiseToPower,492,False,True,False,4,0.7540320158004761,1,3
S399,doubleX,496,True,True,False,1,0.8597343564033508,1,3
S399,convertToDegrees,497,False,True,False,3,0.4257761538028717,0,3
S399,findRoot,500,False,False,False,3,0.5021171569824219,1,3
S399,intToFloat,503,True,True,False,1,0.8464020490646362,1,3
S399,leftoverCandy,504,True,True,False,1,0.7359904050827026,1,3
S399,howManyEggCartons,505,True,True,False,1,0.3258821964263916,0,3
S399,kthDigit,506,False,True,False,10,0.2444983571767807,0,3
S399,nearestBusStop,516,False,True,False,7,0.19230984151363373,0,3
S399,overNineThousand,523,True,True,False,1,0.7090174555778503,1,3
S399,hasTwoDigits,524,True,True,False,1,0.47441574931144714,0,3
S399,canDrinkAlcohol,525,True,True,False,1,0.37896475195884705,0,3
S399,isEvenPositiveInt,526,False,True,False,4,0.3274242877960205,0,3
S399,oneToN,540,False,False,False,3,0.24715152382850647,0,3
S608,helloWorld,23,True,True,False,1,0.4801195561885834,0,3
S608,doubleX,24,True,True,False,1,0.8136305212974548,1,3
S608,raiseToPower,26,True,True,False,1,0.7970858216285706,1,3
S608,convertToDegrees,27,False,True,False,3,0.4389668107032776,0,3
S608,findRoot,30,True,True,False,1,0.5160031914710999,1,3
S608,intToFloat,31,True,True,False,1,0.8473511934280396,1,3
S608,leftoverCandy,32,True,True,False,1,0.753108024597168,1,3
S608,howManyEggCartons,33,False,True,False,3,0.39086470007896423,0,3
S608,kthDigit,39,False,True,False,5,0.3205547630786896,0,3
S608,nearestBusStop,47,False,False,False,1,0.2720335125923157,0,3
S608,overNineThousand,48,True,True,False,1,0.7119848728179932,1,3
S608,hasTwoDigits,49,False,False,False,7,0.513474702835083,1,3
S377,doubleX,1143,True,True,False,1,0.7301254272460938,1,3
S127,helloWorld,3035,True,True,False,1,0.4801195561885834,0,3
S127,doubleX,3037,True,True,False,1,0.8136305212974548,1,3
S127,raiseToPower,3038,True,True,False,1,0.7970858216285706,1,3
S127,convertToDegrees,3039,False,False,False,2,0.4389668107032776,0,3
S127,intToFloat,3041,True,True,False,1,0.8465301990509033,1,3
S127,findRoot,3042,True,True,False,1,0.5010482668876648,1,3
S127,howManyEggCartons,3043,False,False,False,4,0.34994783997535706,0,3
S127,leftoverCandy,3044,True,True,False,1,0.7616128325462341,1,3
S127,singlePigLatin,3055,False,True,False,2,0.4917334318161011,0,3
S127,overNineThousand,3057,False,False,True,7,0.7197509407997131,1,3
S127,hasTwoDigits,3067,False,True,False,4,0.46255773305892944,0,3
S127,canDrinkAlcohol,3071,False,False,True,3,0.34137213230133057,0,3
S127,isEvenPositiveInt,3072,False,False,False,2,0.24310094118118286,0,3
S127,oneToN,3080,True,True,False,1,0.10193771123886108,0,3
S658,helloWorld,316,True,True,False,1,0.4801195561885834,0,3
S658,doubleX,317,True,True,False,1,0.8136305212974548,1,3
S658,raiseToPower,321,True,True,False,1,0.7970858216285706,1,3
S658,oneToN,324,True,True,False,1,0.1900230348110199,0,3
S658,canDrinkAlcohol,388,True,True,False,1,0.3559086322784424,0,3
S539,helloWorld,1068,True,True,False,1,0.4801195561885834,0,3
S539,doubleX,1069,True,True,False,1,0.8136305212974548,1,3
S539,raiseToPower,1070,True,True,False,1,0.7970858216285706,1,3
S539,convertToDegrees,1071,True,True,False,1,0.4389668107032776,0,3
S539,findRoot,1072,False,True,False,2,0.5201365947723389,1,3
S539,intToFloat,1074,True,True,False,1,0.8489167094230652,1,3
S539,leftoverCandy,1075,True,True,False,1,0.7549431324005127,1,3
S539,howManyEggCartons,1076,False,True,False,2,0.3950456976890564,0,3
S539,kthDigit,1078,False,True,True,6,0.32512322068214417,0,3
S539,nearestBusStop,1085,False,True,False,6,0.2719915509223938,0,3
S539,overNineThousand,1091,True,True,False,1,0.707391619682312,1,3
S539,hasTwoDigits,1093,False,True,True,3,0.5202756524085999,1,3
S539,canDrinkAlcohol,1100,False,True,False,6,0.4115012586116791,0,3
S539,isEvenPositiveInt,1106,False,False,True,13,0.3450133502483368,0,3
S112,doubleX,2222,True,True,False,1,0.7301254272460938,1,3
S112,helloWorld,2223,True,True,False,1,0.4956371784210205,0,3
S535,helloWorld,119,True,True,False,1,0.4801195561885834,0,3
S535,doubleX,120,True,True,False,1,0.8136305212974548,1,3
S535,raiseToPower,121,True,True,False,1,0.7970858216285706,1,3
S535,convertToDegrees,122,False,True,False,2,0.4389668107032776,0,3
S535,intToFloat,124,True,True,False,1,0.8364057540893555,1,3
S535,leftoverCandy,125,True,True,False,1,0.7415732145309448,1,3
S535,findRoot,126,True,True,False,1,0.5373443961143494,1,3
S535,howManyEggCartons,127,False,True,False,8,0.39083459973335266,0,3
S535,kthDigit,135,False,False,True,85,0.3205524682998657,0,3
S535,nearestBusStop,251,False,True,False,2,0.24813102185726166,0,3
S535,overNineThousand,254,True,True,False,1,0.7126334309577942,1,3
S535,hasTwoDigits,255,True,True,False,1,0.4992441236972809,0,3
S535,canDrinkAlcohol,257,True,True,False,1,0.391147255897522,0,3
S535,isEvenPositiveInt,261,False,True,False,14,0.3326982259750366,0,3
S535,oneToN,283,False,True,True,11,0.2472461760044098,0,3
S535,backwardsCombine,1534,False,True,False,2,0.8307016491889954,1,3
S535,firstAndLast,1536,False,True,False,2,0.5256216526031494,1,3
S535,isPunctuation,1538,True,True,False,1,0.21962524950504303,0,3
S535,singlePigLatin,1543,False,True,False,4,0.5504933595657349,1,3
S058,helloWorld,1409,True,True,False,1,0.4801195561885834,0,3
S058,backwardsCombine,1410,True,True,False,1,0.6801366209983826,1,3
S058,firstAndLast,2034,True,True,False,1,0.44357335567474365,0,3
S058,intToFloat,2066,True,True,False,1,0.8224388957023621,1,3
S058,doubleX,2068,True,True,False,1,0.9117993712425232,1,3
S058,raiseToPower,2069,True,True,False,1,0.8480409979820251,1,3
S058,convertToDegrees,2071,True,True,False,1,0.5038613080978394,1,3
S058,findRoot,2072,False,True,False,5,0.5657917857170105,1,3
S058,leftoverCandy,2098,True,True,False,1,0.7753564715385437,1,3
S058,howManyEggCartons,2100,False,False,False,1,0.4342098534107208,0,3
S652,helloWorld,666,False,True,False,2,0.5394490361213684,1,4
S023,canDrinkAlcohol,1351,False,False,False,3,0.47182777523994446,0,4
S148,helloWorld,971,True,True,False,1,0.5394490361213684,1,4
S148,doubleX,972,True,True,False,1,0.7976983785629272,1,4
S148,raiseToPower,973,True,True,False,1,0.7918058633804321,1,4
S148,convertToDegrees,1065,False,False,False,2,0.4535660147666931,0,4
S053,helloWorld,2245,True,True,False,1,0.5394490361213684,1,4
S053,doubleX,2246,True,True,False,1,0.7976983785629272,1,4
S053,raiseToPower,2247,True,True,False,1,0.7918058633804321,1,4
S053,convertToDegrees,2248,False,True,False,2,0.4535660147666931,0,4
S053,isPunctuation,2253,False,False,True,5,0.19811207056045532,0,4
S053,findRoot,2269,False,True,False,3,0.5298929214477539,1,4
S053,intToFloat,2273,False,True,True,2,0.89702308177948,1,4
S053,leftoverCandy,2277,False,True,False,2,0.8174552321434021,1,4
S053,howManyEggCartons,2279,False,False,True,8,0.3192328214645386,0,4
S053,kthDigit,2289,False,True,False,4,0.2127266675233841,0,4
S053,nearestBusStop,2293,False,True,True,2,0.16544660925865173,0,4
S053,backwardsCombine,2296,True,True,False,1,0.7703447341918945,1,4
S053,firstAndLast,2298,True,True,False,1,0.39432284235954285,0,4
S053,singlePigLatin,2299,False,True,True,8,0.38614240288734436,0,4
S053,overNineThousand,2308,True,True,False,1,0.6793634295463562,1,4
S053,hasTwoDigits,2309,True,True,False,1,0.3721069395542145,0,4
S053,canDrinkAlcohol,2310,False,True,False,2,0.34241458773612976,0,4
S053,isEvenPositiveInt,2312,False,True,True,18,0.17495138943195343,0,4
S053,oneToN,2333,False,True,True,9,0.15230317413806915,0,4
S659,helloWorld,98,False,False,False,5,0.5394490361213684,1,4
S720,leftoverCandy,843,True,True,False,1,0.6499433517456055,1,4
S720,doubleX,844,True,True,False,1,0.7977489829063416,1,4
S720,overNineThousand,845,False,True,False,2,0.6490442752838135,1,4
S592,helloWorld,661,True,True,False,1,0.5394490361213684,1,4
S592,doubleX,662,True,True,False,1,0.7976983785629272,1,4
S592,raiseToPower,663,True,True,False,1,0.7918058633804321,1,4
S592,convertToDegrees,664,True,True,False,1,0.4535660147666931,0,4
S592,findRoot,665,True,True,False,1,0.5323944091796875,1,4
S592,intToFloat,667,True,True,False,1,0.9109804630279541,1,4
S592,leftoverCandy,669,True,True,False,1,0.8345549702644348,1,4
S592,howManyEggCartons,671,False,True,True,4,0.3443148732185364,0,4
S592,kthDigit,677,False,True,False,4,0.2316667139530182,0,4
S592,nearestBusStop,696,False,True,False,4,0.18320907652378082,0,4
S089,raiseToPower,1694,True,True,False,1,0.6770523190498352,1,4
S089,convertToDegrees,1695,False,False,True,2,0.4214736521244049,0,4
S089,isPunctuation,1698,False,False,False,2,0.23930129408836365,0,4
S089,intToFloat,1699,True,True,False,1,0.8508386611938477,1,4
S089,leftoverCandy,1700,True,True,False,1,0.8035270571708679,1,4
S089,howManyEggCartons,1701,False,False,True,10,0.3073987662792206,0,4
S089,kthDigit,1712,False,False,False,3,0.19701337814331055,0,4
S089,nearestBusStop,1715,False,False,False,2,0.14667123556137085,0,4
S089,backwardsCombine,1717,False,True,False,5,0.7872597575187683,1,4
S089,firstAndLast,1722,False,False,True,25,0.39106985926628113,0,4
S089,singlePigLatin,1867,False,False,True,3,0.3837866485118866,0,4
S089,overNineThousand,1871,True,True,False,1,0.6707858443260193,1,4
S089,hasTwoDigits,1872,False,False,False,10,0.36181437969207764,0,4
S089,canDrinkAlcohol,1882,False,False,False,2,0.34034037590026855,0,4
S089,isEvenPositiveInt,1884,False,False,False,2,0.17206697165966034,0,4
S089,helloWorld,1886,True,True,False,1,0.5806664228439331,1,4
S089,doubleX,1887,True,True,False,1,0.9414567947387695,1,4
S089,findRoot,1889,False,False,False,4,0.4939311742782593,0,4
S014,helloWorld,1484,False,True,False,2,0.5394490361213684,1,4
S014,doubleX,1486,True,True,False,1,0.7757066488265991,1,4
S014,raiseToPower,1487,True,True,False,1,0.7720412611961365,1,4
S014,convertToDegrees,1488,False,True,False,2,0.44396209716796875,0,4
S014,isPunctuation,1490,False,True,True,2,0.2074802815914154,0,4
S014,findRoot,1493,False,False,False,3,0.5315937399864197,1,4
S014,intToFloat,2405,True,True,False,1,0.8852027654647827,1,4
S014,leftoverCandy,2409,False,True,False,2,0.8158462643623352,1,4
S014,howManyEggCartons,2412,False,False,True,13,0.319752037525177,0,4
S014,kthDigit,2437,False,False,True,3,0.21440833806991577,0,4
S347,helloWorld,379,False,True,True,2,0.5514896512031555,1,5
S347,doubleX,393,True,True,False,1,0.8011080026626587,1,5
S347,raiseToPower,394,True,True,False,1,0.7649778723716736,1,5
S347,convertToDegrees,409,False,True,False,5,0.35043272376060486,0,5
S347,findRoot,419,True,True,False,1,0.4565533995628357,0,5
S347,oneToN,422,False,False,True,16,0.1946435272693634,0,5
S763,helloWorld,914,False,False,True,5,0.5514896512031555,1,5
S132,helloWorld,1436,False,True,False,2,0.5514896512031555,1,5
S132,raiseToPower,1439,True,True,False,1,0.720719039440155,1,5
S132,doubleX,1440,True,True,False,1,0.8406916856765747,1,5
S132,convertToDegrees,1441,True,True,False,1,0.36917510628700256,0,5
S132,isPunctuation,1442,False,False,True,13,0.2322314977645874,0,5
S132,findRoot,1752,False,False,False,2,0.4727768003940582,0,5
S132,intToFloat,1754,True,True,False,1,0.8797234892845154,1,5
S132,leftoverCandy,1755,False,True,False,3,0.8028255105018616,1,5
S132,howManyEggCartons,1759,False,True,False,8,0.22900840640068054,0,5
S132,kthDigit,1853,True,True,False,1,0.1456902027130127,0,5
S132,nearestBusStop,1933,False,False,False,1,0.16220517456531525,0,5
S132,backwardsCombine,1934,True,True,False,1,0.739287257194519,1,5
S132,firstAndLast,1935,False,True,False,7,0.45309263467788696,0,5
S132,singlePigLatin,2086,False,False,False,8,0.3953281342983246,0,5
S132,overNineThousand,2094,True,True,False,1,0.6659302115440369,1,5
S132,hasTwoDigits,2095,False,False,False,3,0.3991550803184509,0,5
S132,canDrinkAlcohol,3026,False,True,False,3,0.3489268720149994,0,5
S654,helloWorld,688,False,True,True,3,0.5514896512031555,1,5
S654,doubleX,695,True,True,False,1,0.8011080026626587,1,5
S654,raiseToPower,697,True,True,False,1,0.7649778723716736,1,5
S654,convertToDegrees,699,True,True,False,1,0.35043272376060486,0,5
S654,findRoot,703,True,True,False,1,0.4699447453022003,0,5
S654,intToFloat,706,True,True,False,1,0.8770008683204651,1,5
S654,leftoverCandy,707,True,True,False,1,0.8341430425643921,1,5
S654,howManyEggCartons,708,True,True,False,1,0.36250177025794983,0,5
S654,kthDigit,711,False,True,True,3,0.3567827343940735,0,5
S654,nearestBusStop,732,False,True,True,10,0.3266528248786926,0,5
S481,convertToDegrees,921,False,False,False,2,0.36882826685905457,0,5
S467,helloWorld,1164,True,True,False,1,0.5514896512031555,1,5
S467,doubleX,1165,True,True,False,1,0.8070868253707886,1,5
S467,raiseToPower,1166,True,True,False,1,0.7759853601455688,1,5
S467,convertToDegrees,1167,False,False,False,1,0.433015376329422,0,5
S467,hasTwoDigits,1168,True,True,False,1,0.47520962357521057,0,5
S467,isPunctuation,1171,False,True,False,4,0.25614550709724426,0,5
S467,canDrinkAlcohol,1176,False,True,False,4,0.5059042572975159,1,5
S467,intToFloat,2885,True,True,False,1,0.8986841440200806,1,5
S467,findRoot,2886,True,True,False,1,0.5229021310806274,1,5
S467,leftoverCandy,2887,True,True,False,1,0.8533828258514404,1,5
S467,howManyEggCartons,2888,True,True,False,1,0.3721889853477478,0,5
S467,kthDigit,2890,False,True,False,2,0.3586703836917877,0,5
S467,nearestBusStop,2892,False,True,False,2,0.32967960834503174,0,5
S467,overNineThousand,2894,True,True,False,1,0.710432767868042,1,5
S467,isEvenPositiveInt,2895,True,True,False,1,0.30704841017723083,0,5
S467,oneToN,2899,True,True,False,1,0.26850950717926025,0,5
S467,backwardsCombine,2901,True,True,False,1,0.843403697013855,1,5
S467,firstAndLast,2902,True,True,False,1,0.578506350517273,1,5
S467,singlePigLatin,2906,True,True,False,1,0.6743271350860596,1,5
S496,helloWorld,209,True,True,False,1,0.5514896512031555,1,5
S496,doubleX,210,True,True,False,1,0.8070868253707886,1,5
S496,raiseToPower,215,True,True,False,1,0.7759853601455688,1,5
S496,convertToDegrees,218,True,True,False,1,0.433015376329422,0,5
S496,findRoot,225,True,True,False,1,0.5215649008750916,1,5
S496,intToFloat,227,True,True,False,1,0.9014900922775269,1,5
S496,leftoverCandy,231,True,True,False,1,0.8687256574630737,1,5
S496,howManyEggCartons,232,False,True,True,8,0.42024967074394226,0,5
S496,kthDigit,249,False,True,False,2,0.41282668709754944,0,5
S496,nearestBusStop,256,False,True,False,2,0.3616315424442291,0,5
S496,overNineThousand,470,True,True,False,1,0.7119097709655762,1,5
S496,hasTwoDigits,471,False,True,False,7,0.6226395964622498,1,5
S496,canDrinkAlcohol,478,False,True,False,2,0.6177895665168762,1,5
S496,isEvenPositiveInt,480,False,True,False,2,0.3195125162601471,0,5
S496,oneToN,486,False,True,False,2,0.2762771546840668,0,5
S110,helloWorld,1005,True,True,False,1,0.5514896512031555,1,5
S110,doubleX,1007,True,True,False,1,0.8070868253707886,1,5
S110,raiseToPower,1009,True,True,False,1,0.7759853601455688,1,5
S110,convertToDegrees,1022,False,True,False,2,0.433015376329422,0,5
S110,isPunctuation,1030,False,False,False,2,0.2812788486480713,0,5
S110,leftoverCandy,1203,True,True,False,1,0.8089043498039246,1,5
S110,intToFloat,1347,True,True,False,1,0.892518162727356,1,5
S011,helloWorld,1793,False,True,False,4,0.5514896512031555,1,5
S011,doubleX,1797,True,True,False,1,0.7916801571846008,1,5
S011,raiseToPower,1798,True,True,False,1,0.7568276524543762,1,5
S011,convertToDegrees,1799,True,True,False,1,0.3694581687450409,0,5
S011,isPunctuation,1800,False,False,True,3,0.23247359693050385,0,5
S011,findRoot,1806,False,False,False,1,0.4728422462940216,0,5
S011,leftoverCandy,1807,True,True,False,1,0.7893498539924622,1,5
S011,intToFloat,1808,True,True,False,1,0.8921549916267395,1,5
S011,howManyEggCartons,1809,True,True,False,1,0.2419043332338333,0,5
S011,kthDigit,1810,False,False,False,3,0.1865893006324768,0,5
S011,nearestBusStop,1813,False,False,False,2,0.178287535905838,0,5
S011,backwardsCombine,1815,True,True,False,1,0.7877584099769592,1,5
S011,firstAndLast,1816,False,True,True,13,0.4786227345466614,0,5
S011,singlePigLatin,1831,False,True,False,2,0.44104644656181335,0,5
S011,overNineThousand,1835,True,True,False,1,0.6892685294151306,1,5
S011,hasTwoDigits,1836,False,True,False,2,0.4597172439098358,0,5
S011,canDrinkAlcohol,1838,False,True,False,3,0.44009923934936523,0,5
S011,isEvenPositiveInt,1841,True,True,False,1,0.13704437017440796,0,5
S011,oneToN,1850,False,False,False,11,0.17434203624725342,0,5
S181,kthDigit,1139,False,False,False,4,0.3330371379852295,0,6
S207,helloWorld,1125,False,True,False,9,0.5507303476333618,1,6
S207,doubleX,1133,True,True,False,1,0.85685133934021,1,6
S207,raiseToPower,1135,True,True,False,1,0.8402837514877319,1,6
S207,convertToDegrees,1136,False,True,False,2,0.43383166193962097,0,6
S207,isPunctuation,1138,False,False,False,1,0.14138859510421753,0,6
S207,intToFloat,1152,False,False,False,1,0.8812429308891296,1,6
S207,leftoverCandy,1153,False,True,False,5,0.7925569415092468,1,6
S034,helloWorld,1180,False,True,True,4,0.5507303476333618,1,6
S034,doubleX,1186,False,True,True,2,0.8653246760368347,1,6
S034,raiseToPower,1189,False,True,True,2,0.8548772931098938,1,6
S034,convertToDegrees,1192,False,False,True,3,0.4311021566390991,0,6
S034,canDrinkAlcohol,1893,False,True,False,3,0.3706139624118805,0,6
S034,isEvenPositiveInt,1896,False,False,False,10,0.15626145899295807,0,6
S372,helloWorld,829,True,True,False,1,0.5507303476333618,1,6
S372,doubleX,830,True,True,False,1,0.8573110103607178,1,6
S372,raiseToPower,831,False,True,False,2,0.8394131064414978,1,6
S372,convertToDegrees,833,False,True,False,2,0.4343353509902954,0,6
S372,findRoot,835,False,True,False,2,0.4871998727321625,0,6
S372,intToFloat,837,True,True,False,1,0.8598796129226685,1,6
S372,leftoverCandy,838,True,True,False,1,0.763035774230957,1,6
S372,howManyEggCartons,839,True,True,False,1,0.313327431678772,0,6
S372,kthDigit,840,False,True,False,4,0.2747311592102051,0,6
S372,nearestBusStop,848,False,False,False,4,0.19994141161441803,0,6
S372,overNineThousand,852,True,True,False,1,0.6893583536148071,1,6
S372,hasTwoDigits,853,True,True,False,1,0.43302515149116516,0,6
S372,canDrinkAlcohol,854,False,True,False,3,0.4498006999492645,0,6
S372,isEvenPositiveInt,860,True,True,False,1,0.2378951460123062,0,6
S372,oneToN,908,False,True,False,3,0.26987868547439575,0,6
S372,backwardsCombine,1680,True,True,False,1,0.7227140665054321,1,6
S372,firstAndLast,1681,True,True,False,1,0.4542880356311798,0,6
S372,isPunctuation,1682,True,True,False,1,0.26838600635528564,0,6
S372,singlePigLatin,3085,True,True,False,1,0.4761488735675812,0,6
S508,helloWorld,60,True,True,False,1,0.5507303476333618,1,6
S508,doubleX,61,True,True,False,1,0.8573110103607178,1,6
S508,raiseToPower,62,True,True,False,1,0.8394131064414978,1,6
S508,convertToDegrees,63,False,False,False,1,0.4347805976867676,0,6
S508,intToFloat,64,True,True,False,1,0.8781624436378479,1,6
S508,findRoot,65,False,False,False,1,0.46830713748931885,0,6
S508,leftoverCandy,66,False,True,False,2,0.7915070652961731,1,6
S508,howManyEggCartons,68,False,True,False,2,0.27179479598999023,0,6
S508,kthDigit,70,False,False,False,1,0.2104811668395996,0,6
S602,helloWorld,34,False,True,False,3,0.5507303476333618,1,6
S602,doubleX,40,True,True,False,1,0.85685133934021,1,6
S602,raiseToPower,44,True,True,False,1,0.8402837514877319,1,6
S602,convertToDegrees,45,False,False,False,1,0.43383166193962097,0,6
S602,findRoot,50,True,True,False,1,0.46863627433776855,0,6
S602,intToFloat,52,True,True,False,1,0.8880670070648193,1,6
S602,leftoverCandy,53,True,True,False,1,0.7824702262878418,1,6
S602,howManyEggCartons,58,False,True,False,2,0.28853052854537964,0,6
S602,kthDigit,71,False,True,False,3,0.23956266045570374,0,6
S602,nearestBusStop,74,True,True,False,1,0.1617419570684433,0,6
S602,overNineThousand,75,True,True,False,1,0.690650224685669,1,6
S602,hasTwoDigits,76,True,True,False,1,0.4290606379508972,0,6
S457,helloWorld,4,False,True,False,7,0.5507303476333618,1,6
SA,raiseToPower,2441,True,True,False,1,0.7297311425209045,1,6
SA,helloWorld,2442,True,True,False,1,0.5632873773574829,1,6
SA,doubleX,2443,True,True,False,1,0.8976979851722717,1,6
SA,convertToDegrees,2444,True,True,False,1,0.4347742199897766,0,6
SA,isPunctuation,2446,False,True,True,9,0.1469045728445053,0,6
SA,findRoot,2462,True,True,False,1,0.4891805052757263,0,6
SA,intToFloat,2463,True,True,False,1,0.8585553765296936,1,6
SA,leftoverCandy,2464,True,True,False,1,0.7620815634727478,1,6
SA,howManyEggCartons,2470,False,True,False,2,0.3236578106880188,0,6
SA,kthDigit,2475,False,False,True,10,0.2917307913303375,0,6
SA,nearestBusStop,2506,False,True,True,5,0.18688364326953888,0,6
SA,backwardsCombine,2522,True,True,False,1,0.7266911268234253,1,6
SA,firstAndLast,2523,False,True,True,2,0.4261299967765808,0,6
SA,singlePigLatin,2534,False,True,True,5,0.42802226543426514,0,6
SA,overNineThousand,2554,True,True,False,1,0.6937404870986938,1,6
SA,hasTwoDigits,2556,False,True,True,12,0.4374992847442627,0,6
SA,canDrinkAlcohol,2596,False,True,False,11,0.45325279235839844,0,6
SA,isEvenPositiveInt,2609,False,True,False,5,0.23914816975593567,0,6
SA,oneToN,2616,False,True,True,13,0.2692880630493164,0,6
S175,helloWorld,2451,True,True,False,1,0.5507303476333618,1,6
S175,doubleX,2454,True,True,False,1,0.8573110103607178,1,6
S175,intToFloat,2459,True,True,False,1,0.8322422504425049,1,6
S175,backwardsCombine,2460,True,True,False,1,0.6976761817932129,1,6
S175,firstAndLast,2461,True,True,False,1,0.405959814786911,0,6
S175,singlePigLatin,2465,False,True,True,6,0.41280698776245117,0,6
S175,overNineThousand,2483,False,False,False,1,0.6901126503944397,1,6
S175,hasTwoDigits,2487,False,False,True,6,0.4144124388694763,0,6
S175,isEvenPositiveInt,2776,False,False,False,3,0.18176768720149994,0,6
S107,helloWorld,2402,False,False,False,3,0.5397380590438843,1,7
S020,helloWorld,1144,False,True,False,2,0.5397380590438843,1,7
S020,doubleX,1150,True,True,False,1,0.7759157419204712,1,7
S020,raiseToPower,1151,True,True,False,1,0.7813163995742798,1,7
S020,convertToDegrees,2162,True,True,False,1,0.42642900347709656,0,7
S020,isPunctuation,2163,False,False,True,18,0.17291267216205597,0,7
S020,findRoot,2199,True,True,False,1,0.49763524532318115,0,7
S020,intToFloat,2200,True,True,False,1,0.8776624202728271,1,7
S020,leftoverCandy,2201,True,True,False,1,0.8091644048690796,1,7
S020,howManyEggCartons,2202,False,False,False,3,0.3126254677772522,0,7
S020,kthDigit,2205,False,False,False,5,0.1777060478925705,0,7
S020,nearestBusStop,2948,False,True,False,6,0.1222689300775528,0,7
S020,backwardsCombine,2954,True,True,False,1,0.7868576645851135,1,7
S020,firstAndLast,2955,False,True,False,2,0.42321866750717163,0,7
S020,singlePigLatin,2957,True,True,False,1,0.3798297643661499,0,7
S020,overNineThousand,2958,False,False,True,1,0.7018586993217468,1,7
S020,hasTwoDigits,2960,False,False,False,1,0.45468974113464355,0,7
S374,oneToN,1,False,False,True,7,0.3643117845058441,0,7
S180,helloWorld,1316,False,False,True,10,0.5397380590438843,1,7
S180,doubleX,1323,True,True,False,1,0.7925198078155518,1,7
S180,raiseToPower,1324,True,True,False,1,0.8096733093261719,1,7
S180,convertToDegrees,1325,False,False,True,0,0.43140673637390137,0,7
S180,isPunctuation,1330,False,False,True,0,0.1386137306690216,0,7
S180,backwardsCombine,2228,False,False,False,4,0.7831616997718811,1,7
S180,singlePigLatin,2232,False,False,False,2,0.3396468460559845,0,7
S201,helloWorld,2754,True,True,False,1,0.5397380590438843,1,7
S201,doubleX,2756,True,True,False,1,0.807606041431427,1,7
S201,raiseToPower,2757,True,True,False,1,0.815629780292511,1,7
S201,convertToDegrees,2758,False,True,True,1,0.4325612783432007,0,7
S201,isPunctuation,2760,False,False,True,5,0.15765446424484253,0,7
S665,helloWorld,490,True,True,False,1,0.5397380590438843,1,7
S072,helloWorld,2501,True,True,False,1,0.5397380590438843,1,7
S072,raiseToPower,2503,True,True,False,1,0.7556719779968262,1,7
S072,doubleX,2504,True,True,False,1,0.8753035664558411,1,7
S072,convertToDegrees,2505,False,True,False,5,0.4325307309627533,0,7
S072,isPunctuation,2515,False,False,False,2,0.1583748757839203,0,7
S072,findRoot,2517,True,True,False,1,0.49535244703292847,0,7
S072,intToFloat,2524,True,True,False,1,0.8736695647239685,1,7
S072,leftoverCandy,2539,True,True,False,1,0.7993745803833008,1,7
S072,howManyEggCartons,2558,False,False,False,6,0.3268777132034302,0,7
S072,kthDigit,2598,False,False,False,1,0.20302557945251465,0,7
S072,nearestBusStop,2618,False,True,False,2,0.15040890872478485,0,7
S072,backwardsCombine,2630,True,True,False,1,0.7658716440200806,1,7
S072,firstAndLast,2634,True,True,False,1,0.43383845686912537,0,7
S072,singlePigLatin,2638,False,True,False,3,0.4062027335166931,0,7
S072,overNineThousand,2643,True,True,False,1,0.6801774501800537,1,7
S072,hasTwoDigits,2644,False,True,False,2,0.4530448615550995,0,7
S072,canDrinkAlcohol,2646,False,True,False,4,0.4080447256565094,0,7
S072,oneToN,2671,False,True,False,2,0.2759290635585785,0,7
S150,helloWorld,1214,False,True,False,2,0.5397380590438843,1,7
S150,doubleX,1219,True,True,False,1,0.7759157419204712,1,7
S150,raiseToPower,1223,False,True,False,6,0.7813163995742798,1,7
S150,convertToDegrees,1229,False,False,False,3,0.42355039715766907,0,7
S150,isPunctuation,1232,False,False,False,2,0.20528313517570496,0,7
S150,oneToN,1234,False,False,False,23,0.23801952600479126,0,7
S150,findRoot,1252,False,True,False,2,0.5086206197738647,1,7
S150,intToFloat,1254,True,True,False,1,0.8305379152297974,1,7
S150,leftoverCandy,1255,False,True,False,4,0.7606282234191895,1,7
S150,howManyEggCartons,1259,False,False,False,11,0.3559465706348419,0,7
S150,kthDigit,1270,False,True,False,2,0.2632502615451813,0,7
S150,backwardsCombine,1272,False,True,False,6,0.7247160077095032,1,7
S150,singlePigLatin,1278,False,False,False,9,0.4396383762359619,0,7
S150,firstAndLast,1281,False,True,False,6,0.45284798741340637,0,7
S150,overNineThousand,1284,True,True,False,1,0.6361727714538574,1,7
S150,hasTwoDigits,1285,False,True,False,3,0.445446640253067,0,7
S150,canDrinkAlcohol,1288,False,True,False,5,0.44208601117134094,0,7
S150,isEvenPositiveInt,1289,False,True,False,5,0.3933086395263672,0,7
S150,nearestBusStop,1306,False,False,False,1,0.3476580083370209,0,7
S683,helloWorld,590,False,True,False,6,0.5397380590438843,1,7
S683,doubleX,599,True,True,False,1,0.7759157419204712,1,7
S683,raiseToPower,600,True,True,False,1,0.7813163995742798,1,7
S683,convertToDegrees,601,True,True,False,1,0.42642900347709656,0,7
S683,findRoot,602,False,False,False,1,0.5044246912002563,1,7
S683,intToFloat,604,True,True,False,1,0.8620054721832275,1,7
S683,leftoverCandy,794,True,True,False,1,0.7938042879104614,1,7
S683,howManyEggCartons,795,False,True,False,2,0.3261766731739044,0,7
S683,kthDigit,797,True,True,False,1,0.2079298049211502,0,7
S683,overNineThousand,798,True,True,False,1,0.7007049322128296,1,7
S683,nearestBusStop,799,True,True,False,1,0.15680617094039917,0,7
S683,hasTwoDigits,800,True,True,False,1,0.4566492736339569,0,7
S683,canDrinkAlcohol,801,True,True,False,1,0.3807928264141083,0,7
S683,isEvenPositiveInt,802,False,True,False,3,0.27138423919677734,0,7
S683,oneToN,808,True,True,False,1,0.21862590312957764,0,7
S683,backwardsCombine,816,True,True,False,1,0.756565511226654,1,7
S683,firstAndLast,817,True,True,False,1,0.43938755989074707,0,7
S683,isPunctuation,818,True,True,False,1,0.20276743173599243,0,7
S683,singlePigLatin,820,True,True,False,1,0.4265635311603546,0,7
S397,helloWorld,116,False,True,False,2,0.5357357859611511,1,8
S397,doubleX,118,True,True,False,1,0.8336536884307861,1,8
S761,helloWorld,465,False,True,False,4,0.5357357859611511,1,8
S761,doubleX,469,True,True,False,1,0.8336536884307861,1,8
S761,raiseToPower,1364,True,True,False,1,0.7970475554466248,1,8
S761,singlePigLatin,1366,True,True,False,1,0.35736194252967834,0,8
S540,canDrinkAlcohol,3031,True,True,False,1,0.39552241563796997,0,8
S510,helloWorld,974,False,True,False,2,0.5357357859611511,1,8
S510,doubleX,977,True,True,False,1,0.8336536884307861,1,8
S510,raiseToPower,978,True,True,False,1,0.7970475554466248,1,8
S510,convertToDegrees,979,True,True,False,1,0.40418317914009094,0,8
S510,findRoot,980,True,True,False,1,0.468337744474411,0,8
S510,leftoverCandy,981,True,True,False,1,0.7561177611351013,1,8
S510,intToFloat,982,True,True,False,1,0.86492520570755,1,8
S510,howManyEggCartons,983,False,True,False,2,0.35561713576316833,0,8
S510,kthDigit,985,True,True,False,1,0.22153189778327942,0,8
S510,nearestBusStop,986,True,True,False,1,0.19382396340370178,0,8
S510,overNineThousand,987,True,True,False,1,0.7094237804412842,1,8
S510,hasTwoDigits,988,True,True,False,1,0.4768608808517456,0,8
S510,canDrinkAlcohol,989,False,True,False,2,0.46011146903038025,0,8
S510,isEvenPositiveInt,991,False,False,True,8,0.34643059968948364,0,8
S510,oneToN,1002,False,True,False,8,0.2962058186531067,0,8
S510,backwardsCombine,1029,True,True,False,1,0.7501976490020752,1,8
S510,firstAndLast,1037,False,True,False,4,0.513307511806488,1,8
S510,isPunctuation,1041,False,True,False,5,0.3037908375263214,0,8
S510,singlePigLatin,1055,True,True,False,1,0.43301355838775635,0,8
S331,helloWorld,3105,True,True,False,1,0.5357357859611511,1,8
S331,doubleX,3107,True,True,False,1,0.8342247009277344,1,8
S331,raiseToPower,3108,True,True,False,1,0.7956395745277405,1,8
S773,helloWorld,2967,True,True,False,1,0.5357357859611511,1,8
S773,doubleX,2968,True,True,False,1,0.8342247009277344,1,8
S773,raiseToPower,2969,True,True,False,1,0.7956395745277405,1,8
S773,convertToDegrees,2970,True,True,False,1,0.40792304277420044,0,8
S773,intToFloat,2971,True,True,False,1,0.8529495596885681,1,8
S773,findRoot,2972,True,True,False,1,0.47599759697914124,0,8
S773,leftoverCandy,2973,True,True,False,1,0.7639961242675781,1,8
S773,howManyEggCartons,2974,False,True,False,3,0.36643221974372864,0,8
S773,kthDigit,2976,False,True,False,2,0.23065103590488434,0,8
S773,nearestBusStop,2979,False,False,True,1,0.206770122051239,0,8
S546,helloWorld,2961,True,True,False,1,0.5357357859611511,1,8
S546,doubleX,2963,True,True,False,1,0.8342247009277344,1,8
S546,raiseToPower,2964,True,True,False,1,0.7956395745277405,1,8
S546,convertToDegrees,2965,True,True,False,1,0.40792304277420044,0,8
S546,findRoot,2966,True,True,False,1,0.47273531556129456,0,8
S587,helloWorld,9,False,True,False,2,0.5515053272247314,1,9
S534,helloWorld,187,True,True,False,1,0.5515053272247314,1,9
S534,doubleX,191,True,True,False,1,0.8149246573448181,1,9
S534,raiseToPower,193,True,True,False,1,0.8095303773880005,1,9
S534,convertToDegrees,203,True,True,False,1,0.4062558710575104,0,9
S534,findRoot,206,False,True,False,3,0.5261147618293762,1,9
S534,intToFloat,219,True,True,False,1,0.8410602807998657,1,9
S534,leftoverCandy,226,True,True,False,1,0.7717484831809998,1,9
S534,howManyEggCartons,238,True,True,False,1,0.32918936014175415,0,9
S534,kthDigit,243,True,True,False,1,0.23469087481498718,0,9
S534,nearestBusStop,308,False,True,False,6,0.23018190264701843,0,9
S534,overNineThousand,334,False,True,False,2,0.6911326050758362,1,9
S534,hasTwoDigits,339,True,True,False,1,0.4946818947792053,0,9
S534,canDrinkAlcohol,344,True,True,False,1,0.45410263538360596,0,9
S534,isEvenPositiveInt,357,True,True,False,1,0.39166176319122314,0,9
S534,oneToN,371,False,True,False,9,0.39496806263923645,0,9
S534,backwardsCombine,535,True,True,False,1,0.7268652319908142,1,9
S534,firstAndLast,536,False,True,False,2,0.605595588684082,1,9
S534,isPunctuation,542,False,False,False,3,0.45190054178237915,0,9
S187,helloWorld,2156,True,True,False,1,0.5515053272247314,1,9
S187,doubleX,2157,True,True,False,1,0.8149246573448181,1,9
S187,raiseToPower,2158,True,True,False,1,0.8095303773880005,1,9
S187,convertToDegrees,2159,False,False,False,1,0.4062558710575104,0,9
S187,intToFloat,2682,True,True,False,1,0.847865641117096,1,9
S187,leftoverCandy,2683,False,True,False,2,0.7788558006286621,1,9
S187,backwardsCombine,2685,True,True,False,1,0.7241289019584656,1,9
S187,firstAndLast,2686,False,False,False,4,0.49071094393730164,0,9
S187,canDrinkAlcohol,2690,False,True,False,3,0.34421995282173157,0,9
S187,oneToN,2695,False,False,False,4,0.2328920215368271,0,9
S454,helloWorld,416,True,True,False,1,0.5515053272247314,1,9
S454,doubleX,417,True,True,False,1,0.8149246573448181,1,9
S454,raiseToPower,420,False,True,False,2,0.8095303773880005,1,9
S454,convertToDegrees,423,False,True,False,2,0.4049220383167267,0,9
S454,findRoot,431,False,False,False,3,0.5238823294639587,1,9
S454,intToFloat,433,True,True,False,1,0.848020076751709,1,9
S454,leftoverCandy,435,False,True,False,2,0.7771440744400024,1,9
S454,howManyEggCartons,437,False,True,True,15,0.2783205211162567,0,9
S454,kthDigit,458,True,True,False,1,0.1679883748292923,0,9
S454,nearestBusStop,460,True,True,False,1,0.14769606292247772,0,9
S454,overNineThousand,461,True,True,False,1,0.6952958106994629,1,9
S454,hasTwoDigits,462,False,True,False,3,0.4194750487804413,0,9
S586,helloWorld,547,True,True,False,1,0.5515053272247314,1,9
S586,doubleX,548,True,True,False,1,0.8149246573448181,1,9
S586,raiseToPower,549,True,True,False,1,0.8095303773880005,1,9
S586,convertToDegrees,550,True,True,False,1,0.4062558710575104,0,9
S586,findRoot,551,False,False,False,1,0.5261147618293762,1,9
S586,intToFloat,552,True,True,False,1,0.8534138798713684,1,9
S586,leftoverCandy,553,True,True,False,1,0.7827737927436829,1,9
S586,howManyEggCartons,554,True,True,False,1,0.30024003982543945,0,9
S586,kthDigit,555,False,True,False,9,0.19966700673103333,0,9
S586,nearestBusStop,564,False,True,False,16,0.19413119554519653,0,9
S586,overNineThousand,580,True,True,False,1,0.6970271468162537,1,9
S586,hasTwoDigits,581,False,True,False,4,0.4770650267601013,0,9
S586,canDrinkAlcohol,588,True,True,False,1,0.42873382568359375,0,9
S586,isEvenPositiveInt,589,False,True,False,3,0.35243332386016846,0,9
S586,oneToN,608,False,False,False,49,0.35902464389801025,0,9
S749,helloWorld,755,False,True,False,7,0.5515053272247314,1,9
S749,doubleX,762,True,True,False,1,0.8097423315048218,1,9
S749,raiseToPower,764,True,True,False,1,0.807236909866333,1,9
S749,convertToDegrees,765,True,True,False,1,0.4022015333175659,0,9
S749,findRoot,766,True,True,False,1,0.5201520323753357,1,9
S749,intToFloat,767,True,True,False,1,0.8446457982063293,1,9
S749,leftoverCandy,768,True,True,False,1,0.7745473980903625,1,9
S749,howManyEggCartons,770,False,True,False,2,0.3164578080177307,0,9
S749,kthDigit,772,False,True,False,9,0.221742182970047,0,9
S749,nearestBusStop,785,False,True,False,2,0.21844269335269928,0,9
S749,overNineThousand,941,True,True,False,1,0.688511848449707,1,9
S749,hasTwoDigits,942,True,True,False,1,0.4796088933944702,0,9
S588,helloWorld,824,False,False,False,5,0.5515053272247314,1,9
S455,helloWorld,1197,False,False,False,2,0.5515053272247314,1,9
S117,canDrinkAlcohol,2608,False,False,False,1,0.42708727717399597,0,9
